Account ID,Account Name,Address,Total Sales,Date Created,Date Last Quoted,Primary Rep Name
0000428152,FC Liquidations,"61 5Th St
Ste 200  Buckhannon, WV 26201-2913","$70,092.00",05/13/2025,,John Anderson
0000427973,National Lumber and Hardware Corporation,"Bo Palmas Ward  Catano, PR 00962","$54,507.00",05/03/2025,,Sal Barrocas
0000428150,Apple City Wholesalers,"780 E Main St  Jackson, OH 45640-2131","$28,044.72",05/13/2025,,John Anderson
0000428050,Dick Medical Supply,"1946 Camaro Ave  Columbus, OH 43207-1715","$25,405.50",05/08/2025,05/13/2025,Randy Swartz
0000428146,"B & G Sales, Inc.","1750 N 25Th Ave  Melrose Park, IL 60160-1803","$14,076.00",05/13/2025,,N/A
0000428310,Value Zone,"1040 Springfield Ave  Irvington, NJ 07111-2409","$9,261.00",05/21/2025,,Barb Curran
0000427944,101 Mobility,"2395 Dewey Ave  Rochester, NY 14615-2139","$9,099.00",05/01/2025,05/01/2025,Brad Soderquist
0000428054,DAIKIN COMFORT TECHNOLOGIES NE,"6626 Metropolitan Ave  Middle Village, NY 11379-1630","$5,940.00",05/08/2025,,Bill Boyd
0000428191,Matthew Unger,"1757 Vandenber Ave  Mc Guire Afb, NJ 08641","$4,973.71",05/15/2025,,Jeffrey Sestilio
0000428142,CPG BY MPG,"89 S 10Th St  Minneapolis, MN 55403-2412","$4,331.50",05/13/2025,,Lonnie Marshall
0000428408,"Wefill, Inc.","5780 Rue Kiran  Saint-laurent, QC H4S 2B5","$3,013.20",05/29/2025,,N/A
0000428347,NORTHSTAR MEDICAL RADIOISOTOPES,"1800 Gateway Blvd  Beloit, WI 53511-9700","$2,521.60",05/22/2025,,Andrea Swanson
0000428290,Town Of Palm Beach,"951 Okeechobee Rd  West Palm Beach, FL 33401-6294","$2,148.00",05/20/2025,05/20/2025,Stephen Simon
0000428147,MIT Nuclear Reactor Laboratory,"nw12-108b
138 Albany St  Cambridge, MA 02139-4201","$2,090.00",05/13/2025,05/13/2025,Jeff Mcclellan
0000428352,Duncan - Blue Ridge Color Corporation,"480 Mayfield Rd  Duncan, SC 29334-9760","$1,813.44",05/23/2025,,Kurt Holsopple
0000428206,R09551 HSC-8,"BLDG 370 Suite 104A 
NAS NORTH ISLAND
  SAN DIEGO, CA 92135","$1,738.80",05/15/2025,05/15/2025,John Villarreal
0000428156,Schindler Elevator Corp.,"8801 Park Central Dr
Ste 100  Richmond, VA 23227-1166","$1,604.00",05/14/2025,,Timothy Kline
0000428196,SunStop Distribution,"207 E Calhoun St  Bainbridge, GA 39817-3631","$1,567.00",05/15/2025,05/21/2025,Caroline Rojas
0000428079,Nefco Corporation - Ohio,"8950 Smiths Mill Rd N
Ste 200  New Albany, OH 43054-6707","$1,410.00",05/09/2025,,Jack Levine
0000428407,Tom's Discount,"175 Elm St  Salisbury, MA 01952-1827","$1,328.00",05/29/2025,,John Anderson
0000428269,Rocky Neck State Park,"244 W Main St  Niantic, CT 06357-1015","$1,296.00",05/20/2025,05/20/2025,Jack Levine
0000427963,Tava Products LLC,"687 Lofstrand Ln
Ste A  Rockville, MD 20850-1361","$1,200.00",05/02/2025,,Jessica Molina
0000428312,Naval Medical Center - Portsmouth,"54 Lewis Minor St  Portsmouth, VA 23708-2207","$1,139.25",05/21/2025,,Ashley Rivello
0000428363,urinefresh,"3641 Oneida St  Denver, CO 80207-1533","$1,108.00",05/26/2025,,David N. Unger
0000427965,WESTCHESTER TREE LIFE,"480 King St  Chappaqua, NY 10514-3546","$1,074.21",05/02/2025,,Lisa Babuscak
0000428029,St. Louis de Montfort,"5075 Harp Rd  Santa Maria, CA 93455-5117","$1,058.43",05/07/2025,,N/A
0000428205,American Residential Services,"6661 Corporate Dr  Blue Ash, OH 45242-2112","$1,017.54",05/15/2025,,Kelly Steinfurth
0000428387,AH CONSOLIDATED SERVICE CENTER,"5050 Wesley Rd  Apopka, FL 32712-5908","$1,006.80",05/28/2025,,Scarlett Garcia
0000428309,"LMT Oil, Inc","198 Old Webster Rd  Oxford, MA 01540-2025",$957.00,05/21/2025,,Jack Levine
0000427999,KNOBELSDORFF ENTERPRISES,"25701 370Th St  Goodhue, MN 55027-8616",$939.19,05/06/2025,05/27/2025,Tom Weeks
0000428140,Borgman Athletics Group Inc,"6250 Este Ave  Cincinnati, OH 45232-1449",$883.20,05/13/2025,,Gina Weakland
0000428362,Lighthouse For The Blind,"4755 Pasture Rd  Fallon, NV 89406-3491",$765.07,05/23/2025,,Alicia Brown
0000427991,CBRE-META-SUNNYVALE,"1190 Discovery Way  Sunnyvale, CA 94089-1226",$646.72,05/06/2025,,Rick Stolzman
0000428379,Lake Stevens School District,"12309 22Nd St Ne  Lake Stevens, WA 98258-9500",$624.00,05/28/2025,,Michelle Fraser
0000428418,Amazon - MDT9,"251Westwood HL  Tremont, PA 17981",$620.00,05/29/2025,,Rick Stolzman
0000428020,Valk Industries,"50 Valk Ln  Greeneville, TN 37743-6761",$619.08,05/07/2025,05/07/2025,Caroline Rojas
0000428385,Bardstown WWTP,"220 N 5Th St  Bardstown, KY 40004-1404",$597.73,05/28/2025,05/28/2025,Austin Cummins
0000427934,24 Carrot Catering,"150 Baker St  Costa Mesa, CA 92626-4503",$591.68,05/01/2025,,Chrissy Chakalis
0000428318,Hickman County Solid Waste,"2220 Skyview Dr  Centerville, TN 37033-9514",$584.00,05/21/2025,,David John
0000428207,TAFFY SHOP,"2397 Santa Clara Dr  Santa Clara, UT 84765-5472",$581.60,05/15/2025,06/05/2025,Travis G. Rasmussen
0000428428,WSMR BSC,"1538 Benet St  White Sands Missile Range, NM 88002-1214",$568.00,05/30/2025,,Pete Sisti
0000427937,TUNE THERAPEUTICS INC,"1930 Boren Ave  Seattle, WA 98101-1405",$546.00,05/01/2025,,Jessica Molina
0000428438,Royal Towing & Auto Care,"410 Highway 57  Piperton, TN 38017-5212",$545.05,05/30/2025,05/30/2025,Cameron Starkey
0000428377,Doro Marketplace,"745 Boston Post Rd  Old Saybrook, CT 06475-2126",$536.00,05/28/2025,,Jack Levine
0000427936,Mokena Community Development,"11004 Carpenter St  Mokena, IL 60448-1518",$508.12,05/01/2025,,David Prasczewicz
0000428343,EMS - San Antonio,"5405 Bandera Rd
Ste 128  San Antonio, TX 78238-1949",$505.28,05/22/2025,,Kurt Holsopple
0000428287,Hewitt Home Heating,"23 Dumont Rd  Far Hills, NJ 07931-2814",$494.30,05/20/2025,,Jeffrey Sestilio
0000427969,Boston Gun & Rifle Assoc LLC,"1483 Dorchester Ave  Dorchester, MA 02122-1330",$493.65,05/02/2025,,N/A
0000428209,Big Brand Tire and Service,"17434 N Cave Creek Rd  Phoenix, AZ 85032-1813",$480.00,05/15/2025,,Scott Burrows
0000428189,Mr Comfort HVAC - VaBeach,"1253 Jensen Dr
Ste 102  Virginia Beach, VA 23451-5887",$468.31,05/15/2025,05/15/2025,Kurt Holsopple
0000428111,"CESSNA - ORLANDO, FL","4134 Bear Rd  Orlando, FL 32827-5002",$464.25,05/12/2025,,Rick Stolzman
0000428419,West Memphis Utiliy safety,"604 East Cooper  West Memphis, AR 72301",$454.40,05/29/2025,,Cameron Starkey
0000428053,Kaeser Compressors,"6935 Appling Farms  Parkway -Suite 105  Memphis, TN 38133",$445.00,05/08/2025,,Timothy Kline
0000428279,Commercial Vehicle Solutions,"501 Windsor Stl  York, PA 17403",$445.00,05/20/2025,,Mark Dobbeck
0000428013,Cooper Farms-East Mills,"2351 Wabash Rd  Fort Recovery, OH 45846-9586",$445.00,05/07/2025,,David Chance
0000428186,OFF SHORE MARINE,"357 US-206  Branchville, NJ 07826",$437.84,05/14/2025,06/04/2025,Amanda Diaz
0000428375,"Million Air ""Maintenance","8703 Telephone Rd  Houston, TX 77061-4728",$430.00,05/27/2025,05/27/2025,Brandon Maddox
0000428349,Park Rangers-Cypress,"11803 Grant Rd
Ste  208  Cypress, TX 77429-4079",$419.52,05/22/2025,,N/A
0000428320,BEG RESOURCES,"1450 N 1750 W  Springville, UT 84663-4902",$407.88,05/21/2025,,Travis G. Rasmussen
0000428118,Proteum Machining,"3280 East Hemisphere Loop #198  Tucson, AZ 85706",$406.01,05/12/2025,,Pete Sisti
0000428200,M&M Custom & Marine LLC,"W8288 County Road Z  Onalaska, WI 54650-1700",$400.24,05/15/2025,,Tom Weeks
0000428102,FEMA COMPONENT,"555 Washington St  Otsego, MI 49078-1243",$397.60,05/12/2025,,Aaron K Shank
0000428072,Enterprise Rent A Car Co Of Boston,"1001 Westbrook St  Portland, ME 04102",$396.00,05/09/2025,,Shaun Lewis
0000428258,Nuss truck & Equipment,"330 S Interstate Dr  Sikeston, MO 63801-8643",$390.60,05/19/2025,06/02/2025,Thomas Schmidt
0000428006,"2KG Contractors, Inc.","4917 Ne 185Th Dr  Portland, OR 97230-6830",$382.00,05/06/2025,05/07/2025,Brad Soderquist
0000428424,"CLERAC,LLC","25080 Lakeland Blvd  Euclid, OH 44132",$368.08,05/29/2025,,Kelly Steinfurth
0000428113,TECH UNIVERSAL AUTO,"1837 N Mannheim Rd  Stone Park, IL 60165-1019",$360.00,05/12/2025,,Matt Butchko
0000428041,524 HUNT SALES,"1109 Fall Br  Branchland, WV 25506-6783",$350.37,05/08/2025,,David N. Unger
0000428265,Denver Onsite,"4990 Monaco St  Commerce City, CO 80022-4610",$350.08,05/19/2025,,David N. Unger
0000428077,VAMC POPLAR BLUFF - AvMedical,"1500 N Westwood Blvd  Poplar Bluff, MO 63901-3318",$345.00,05/09/2025,,Scarlett Garcia
0000428017,Twilight Concierge Daycare,"813 Sportsman Drive  Las Vegas, NV 89107",$341.00,05/07/2025,,Alicia Brown
0000428035,Amazon-MDW7,"3031 Crane Pl  Hammond, IN 46323-1105",$332.85,05/07/2025,,Rick Stolzman
0000427951,APCO SUPPLY,"5511 Enterprise Dr  Lansing, MI 48911-4131",$320.16,05/02/2025,,Carol Smith
0000428359,EMS - Baltimore,"1505 Serpentine Rd  Baltimore, MD 21209-2011",$318.94,05/23/2025,,Kurt Holsopple
0000428169,Armstrong  Utilities Inc,"9651 County Road 1  South Point, OH 45680-8438",$312.72,05/14/2025,,Gina Weakland
0000428328,MILLENIA AUTOBODY,"3400 Rio Vista Ave  Orlando, FL 32805-6603",$310.00,05/21/2025,,Robert Boyles
0000427995,Spenro,"2828 Se Loop 820  Fort Worth, TX 76140-1018",$308.40,05/06/2025,,Caroline Rojas
0000428283,BIG MIKES TOWING AND RECOVERY,"556 4Th St Nw  Barberton, OH 44203-1766",$305.00,05/20/2025,,Melissa A Sims
0000427949,MITCHELL INTERNATIONAL AIRPORT,"5800C S Howell Ave  Milwaukee, WI 53207-6603",$290.00,05/02/2025,,Chrissy Chakalis
0000428114,Top Line Tints,"1020 Ne Pine Island rd
Unit 303  Cape Coral, FL 33909",$290.00,05/12/2025,,Joshua Toetenel
0000427931,EVERGREEN FS,"389 E School Rd  Maroa, IL 61756-9012",$289.91,05/01/2025,,Stephen W Danner
0000428040,Solution detail shop supply,"2704 S Grand Ave  Santa Ana, CA 92705-5404",$288.00,05/08/2025,,Joseph Laubie
0000427988,NPS-Big South Fork,"4564 Leatherwood Rd  Oneida, TN 37841-7032",$285.54,05/05/2025,,N/A
0000428171,Montana Veterinary Diagnostic Lab,"1911 W Lincoln St  Bozeman, MT 59718-4132",$285.00,05/14/2025,,Dawn Wheeler
0000427945,Rick Hall Auto Service Inc,"551 Brown Ave  Turtle Creek, PA 15145-1317",$284.25,05/01/2025,,Gina Weakland
0000428203,OST Trucks & Cranes,"2951 N Ventura Avenue  Ventura, CA 93002",$280.00,05/15/2025,,Paul Lee
0000428019,Gulf Stream Bath & Tennis Club,"925 N Ocean Blvd  Delray Beach, FL 33483-7225",$279.96,05/07/2025,,N/A
0000428425,The Diesel Doctor,"17722 67Th Ave Ne
Unit A  Arlington, WA 98223-8554",$279.80,05/29/2025,,Todd Tackett
0000428172,RUSSELL EXCAVATING,"10930 Marlin Rd  Indianapolis, IN 46239-9348",$278.40,05/14/2025,,Craig Wilson
0000428018,Analytical Research Laboratories,"840 Research Pkwy
Ste 546  Oklahoma City, OK 73104-3615",$273.00,05/07/2025,,Chelsea Garcia
0000428316,The Transmission Shop,"13033 Gratiot Ave  Detroit, MI 48205-3405",$269.86,05/21/2025,,Nathaniel Rybski
0000428157,JLL - Amgen SBM Thousand Oaks CA,"999 Rancho Conejo Blvd  Newbury Park, CA 91320-1716",$257.70,05/14/2025,,Rick Stolzman
0000428398,AMENTUM - GOOGLE - FORT WAYNE IN,"6028 Chaddsford Dr  Fort Wayne, IN 46816-1111",$255.44,05/29/2025,,Rick Stolzman
0000428069,WASHINGTON REGIONAL MEDICAL CENTER - CARDINAL,"3215 N Northhills Blvd  Fayetteville, AR 72703-4424",$249.95,05/08/2025,,Isabella Schaeffer
0000428170,Marthaler Collision of Owatonna,"1231 Brady Blvd Nw  Owatonna, MN 55060-5650",$247.00,05/14/2025,,Tom Weeks
0000428067,Vixen Esthetics,"645 Fm 967  Buda, TX 78610-5149",$240.00,05/08/2025,,Joshua Toetenel
0000428371,Doc's Auto Center,"18008 Bothell Everett Hwy  Bothell, WA 98012-6842",$239.85,05/27/2025,,Robert Macginnitie
0000428372,"Automotive, Inc","7534 Ne 175Th St
Ste 3  Kenmore, WA 98028-3471",$239.85,05/27/2025,,Robert Macginnitie
0000428034,"ELRAC,LLC","341 E 233Rd St  Bronx, NY 10470-2202",$236.00,05/07/2025,,Kelly Steinfurth
0000428078,VFW post 7997,"76 Atlantic Ave  Old Orchard Beach, ME 04064-2136",$235.96,05/09/2025,,N/A
0000428281,"Act Technical Services Abilene, Texas","425 Peach St  Abilene, TX 79602-1134",$230.00,05/20/2025,,David John
0000428420,B.C.S. SOIL FERTILITY,"14040 N 3300 East Rd  Arrowsmith, IL 61722-9512",$228.00,05/29/2025,,Stephen W Danner
0000428070,Matt's Marine,"8892 County Road 5231  Royse City, TX 75189",$223.79,05/08/2025,,Sue Swartz
0000428039,City of Charleston Streets & Sidewalks,"2150 Milford St  North Charleston, SC 29405-9418",$220.50,05/08/2025,,Jason White
0000428444,LLENS Crane Service,"333 Ronlee Ln Nw  Olympia, WA 98502-9241",$219.90,05/31/2025,,Robert Macginnitie
0000428423,AEO PowerSports West,"19205 N 83Rd Ave
Ste 108  Peoria, AZ 85382-2805",$219.00,05/29/2025,,Shari Mark
0000428295,AZ Truck Pros,"5720 Nw Grand Ave  Glendale, AZ 85301-3201",$218.00,05/20/2025,,Scott Burrows
0000428322,CBRE - Mars - Columbia - SC,"2018 Anderson Farm Rd  Darlington, SC 29532-7536",$210.76,05/21/2025,,Rick Stolzman
0000428242,Agua Suave car detail supplies,"5301 Cherry Ave  Long Beach, CA 90805-6208",$210.17,05/19/2025,,Joseph Laubie
0000428001,City of Lompoc,"permanently on account to:100 Civic Center PlazaLompoc, CA 93436  Lompoc, CA 93436",$210.00,05/06/2025,,Paul Lee
0000428342,"CBRE - Sanofi - Waltham, MA 225","225 Second Ave  Waltham, MA 02451-1122",$209.92,05/22/2025,,Rick Stolzman
0000428108,University of Minnesota Physicians,"720 Washington Ave Se
Ste 200  Minneapolis, MN 55414-2924",$207.80,05/12/2025,05/12/2025,Brad Soderquist
0000428226,Gas N Wash Oswego CW,"1060 Orchard Rd  Oswego, IL 60543-5013",$207.00,05/16/2025,,David Prasczewicz
0000428333,Biard and Crockett plumbing,"320 E Katella Ave  Orange, CA 92867-4856",$207.00,05/22/2025,,Joseph Laubie
0000428442,Carriage Rebuild,"17331 Bothell Way Ne  Bothell, WA 98011-1903",$206.34,05/30/2025,,Todd Tackett
0000428355,Ace Mechanical OBX,"349 Water Plant Rd  Manteo, NC 27954-9260",$205.00,05/23/2025,,Richard David
0000427998,Reverb Wellness,"692 W. Bagley Rd, Unit B10  Berea, OH 44017",$204.64,05/06/2025,,Patrick Wintucky
0000427961,Port City Collision,"470 Riverside St  Portland, ME 04103-5908",$201.60,05/02/2025,,Shaun Lewis
0000428256,central truck and oil,"1485 Hayes Ave  Long Beach, CA 90813-1153",$201.00,05/19/2025,,Joseph Laubie
0000428415,DC  PLUMBING,"7880 S Sprinkle Rd
Ste A & B  Portage, MI 49002-9015",$200.00,05/29/2025,,Aaron K Shank
0000428244,QR Collision Center,"3044 S Live Oak Dr  Moncks Corner, SC 29461-8722",$200.00,05/19/2025,05/19/2025,Jason White
0000428354,Anacapa Manufacturing,"2910 Norman Strasse Rd
Unit 110  SAN MARCOS, CA 92069",$198.00,05/23/2025,,Paul Lee
0000428443,Take 5 Oil Change - Midlothian R'mond,"9286 Tuxford Rd  North Chesterfield, VA 23236-4611",$196.82,05/31/2025,,Kurt Holsopple
0000428064,TOP NOTCH TANK LINES,"57 S Cambridge Dr  Lemoore, CA 93245-3407",$194.99,05/08/2025,,Dawn Wheeler
0000428271,Over The Top Aviation,"2840 CR15  Cash, AR 72421",$191.00,05/20/2025,,Kelly Steinfurth
0000428105,NASA-VA,"6A Langley Blvd  Hampton, VA 23681-2144",$189.65,05/12/2025,,Andrea Swanson
0000427940,Seatex LLC,"445 Highway 36 N  Rosenberg, TX 77471-8756",$188.97,05/01/2025,,N/A
0000428141,VALNTIN ARROYO,"170 Louis St  Hackensack, NJ 07601-2937",$183.21,05/13/2025,,Chrissy Chakalis
0000428383,The Springs at Veranda Park,"1641 Veranda Park Dr  Medford, OR 97504-5926",$177.81,05/28/2025,,N/A
0000428437,JLL - Oracle - Abilene TX,"518 Cardinal Ln  Abilene, TX 79602-7726",$177.20,05/30/2025,,Rick Stolzman
0000428155,McCarthy Tire - Norfolk,"1370 Ingleside Rd  Norfolk, VA 23502-1916",$176.82,05/14/2025,,Kurt Holsopple
0000428286,DN Roerig,"1227 Lee Ave  Phillipsburg, NJ 08865-4470",$170.00,05/20/2025,,Jeffrey Sestilio
0000428085,Take 5 Oil Change - Staunton,"1302 us-250 east  Staunton, VA 24401",$169.97,05/09/2025,,Kurt Holsopple
0000428291,ON THE SPOT SERVICES,"71 Rocky Hill Rd  North Scituate, RI 02857-1237",$168.00,05/20/2025,,Amanda Diaz
0000428236,KLG,"207 W Main St  Kasson, MN 55944-1458",$160.00,05/16/2025,,Tom Weeks
0000428345,Robert Mier,"626 Justin Ave  Glendale, CA 91201-2327",$159.00,05/22/2025,,Chrissy Chakalis
0000428168,"Armstrong Utilities,  Inc","311 Main St  Hamlin, WV 25523-1413",$156.36,05/14/2025,,Gina Weakland
0000428116,TRU-TONE METAL,"1261 Willoughby Ave  Brooklyn, NY 11237-2904",$156.00,05/12/2025,,Miranda Belles
0000428136,WOOSTER CHURCH OF THE NAZARENE,"  Wooster, OH 44691",$154.79,05/13/2025,,Chrissy Chakalis
0000428052,PIRTEK - Prince George's,"9213 Hampton Overlook  Capitol Heights, MD 20743-3851",$154.25,05/08/2025,,Timothy Kline
0000428293,CONSOLE PLUMBIMG & HEATING,"149 Haines School Rd  Honesdale, PA 18431-4078",$154.00,05/20/2025,,Amanda Diaz
0000428282,Styles Clothing Co. LLC,"5390 Bircher Blvd  Saint Louis, MO 63120-2229",$146.20,05/20/2025,,Keenen Atkinson
0000428311,HLSG - FIS Santa Rosa Beach,"76 Shannon Ln  Santa Rosa Beach, FL 32459-4270",$144.00,05/21/2025,,Jack Levine
0000427939,Mad City Mods,"769 Bend Rd  Waco, KY 40385-9760",$142.25,05/01/2025,05/01/2025,Austin Cummins
0000428044,WASH U MED SCHOOL,"4523 Clayton Ave  Saint Louis, MO 63110-1501",$139.98,05/08/2025,,Chrissy Chakalis
0000427966,"CBRE-Sanofi-Taylor, PA","50 Stauffer Industrial Park  Taylor, PA 18517-9601",$139.50,05/02/2025,,Rick Stolzman
0000427981,Enterprise - Lima,"1610 N. West Street  Lima, OH 45801",$138.00,05/05/2025,,David Chance
0000428257,Gunnels Pest Control,"4924 S Leroy Ave  Springfield, MO 65810-1354",$138.00,05/19/2025,,Charles Smith
0000428126,"Enterprise Leasing Company - Southeast ,LLC","2639 W Palmetto St  Florence, SC 29501",$138.00,05/13/2025,,Kelly Steinfurth
0000428434,CABLE ONE,"102 N 5Th St  Vincennes, IN 47591-2017",$129.90,05/30/2025,,Rex Probert
0000428127,HOYA MOBILE,"23050B Mcauliffe Dr  Robertsdale, AL 36567-3122",$129.90,05/13/2025,,Stephen Baugh
0000428436,"Amentum - Engineering Power Solutions - Ames, IA","1614 Nw 31St St  Ankeny, IA 50023-4104",$128.85,05/30/2025,,Rick Stolzman
0000428284,C & C OIL & BURNER CO,"44 Clauss St  Carteret, NJ 07008-1516",$124.00,05/20/2025,,Amanda Diaz
0000428096,BigDeal Car Care-Wichita,"6335 N Broadway Ave  Park City, KS 67219-1104",$118.92,05/12/2025,,Greg Olson
0000428033,"Enterprise Leasing Company -Southeast,LLC","4568 Charlotte Hwy  Clover, SC 29710-6038",$118.00,05/07/2025,,Kelly Steinfurth
0000428075,Gas N Wash Schoolhouse,"1951 W Laraway Rd  New Lenox, IL 60451-2616",$116.00,05/09/2025,,David Prasczewicz
0000428441,805 Motoring,"4505 Telephone Rd
Ste G  Ventura, CA 93003-5692",$115.00,05/30/2025,,Paul Lee
0000428300,Cresco manufacturing,"1614 N Orangethorpe Way  Anaheim, CA 92801-1227",$112.60,05/20/2025,,Joseph Laubie
0000428337,Forefront Dermatology,"244 Westwood Blvd  Columbus, IN 47201-5687",$110.50,05/22/2025,,N/A
0000427941,Mobile Tune Up Auto Repair,"17807 Kieth Harrow Blvd  Houston, TX 77084-5714",$110.00,05/01/2025,,Brandon Maddox
0000428339,JLL - AMGEN - TAMPA FL,"2202 N West Shore Blvd
Ste 600  Tampa, FL 33607-5747",$110.00,05/22/2025,,Rick Stolzman
0000428356,CBRE-FIDELITY-JACKSONVILLE FL,"4601 Touchton Rd E  Jacksonville, FL 32246-4484",$110.00,05/23/2025,,Rick Stolzman
0000428082,THE IGLOO INC,"1308 N Miller St  Wenatchee, WA 98801-1544",$110.00,05/09/2025,,Michelle Fraser
0000428374,Richard Bell,"804 Naeve Ct  Accokeek, MD 20607-2290",$109.99,05/27/2025,,N/A
0000427953,Oakley Country Club,"410 Belmont St  Watertown, MA 02472-1333",$108.00,05/02/2025,,Miranda Belles
0000428315,Jade Energy,"19 Whitby Pl  Honesdale, PA 18431-5907",$105.00,05/21/2025,,Jeffrey Sestilio
0000427975,PeaceHealth - Sedro-Woolley,"  ,  ",$104.64,05/03/2025,,Mihai Dan
0000428348,SABLE COMMERCIAL GLAZING,"2854 S Redwood Rd
Ste C9  West Valley City, UT 84119-2390",$103.74,05/22/2025,,Travis G. Rasmussen
0000428071,ATS,"10088 Commerce Park Dr  West Chester, OH 45246",$102.00,05/09/2025,,Chris Allen
0000428380,Monadnock Food Co-op,"34 Cypress St  Keene, NH 03431-3723",$100.32,05/28/2025,,Michelle Fraser
0000428120,Prolato Research LLC,"8990 Kirby Dr
Ste 208  Houston, TX 77054-2853",$100.00,05/12/2025,,Chelsea Garcia
0000428324,Redeemer Church,"508 Centerville Tpke N  Chesapeake, VA 23320-3012",$99.99,05/21/2025,,Chrissy Chakalis
0000428404,Joyce Eldering-Barnard,"133 Deodar Dr  Martinez, CA 94553-5539",$99.96,05/29/2025,,N/A
0000428306,RELIABLE ASPHALT CORPORATION,"3741 S Pulaski Rd  Chicago, IL 60623-4927",$95.90,05/20/2025,05/20/2025,Matt Butchko
0000427962,TIM KURTH,"518 State Road 82  Oxford, WI 53952-9567",$95.00,05/02/2025,,Craig Wilson
0000428159,CBRE - Ball Corp - Westminster CO,"9200 W 108Th Cir  Westminster, CO 80021-3691",$90.00,05/14/2025,,Rick Stolzman
0000428112,CBRE-META-CHILCO,"190 Jefferson Dr  Menlo Park, CA 94025-1115",$85.90,05/12/2025,,Rick Stolzman
0000428037,SC JOHNSON WAXDALE WI,"827 College Ave  Racine, WI 53403-1416",$85.90,05/07/2025,,Rick Stolzman
0000428109,"CBRE-Mars-Henderson, NC","845 Commerce Dr  Henderson, NC 27537-7450",$85.90,05/12/2025,,Rick Stolzman
0000428117,Steve's Automotive,"2417 Plainfield Rd  Joliet, IL 60435-1439",$85.00,05/12/2025,,David Prasczewicz
0000428338,Kaeser Compressors,"271 Opportunity St
Ste D  Sacramento, CA 95838-3259",$84.50,05/22/2025,,Timothy Kline
0000428180,Kaeser Compressors,"46771 Fremont Blvd  Fremont, CA 94538",$84.50,05/14/2025,,Timothy Kline
0000428177,Kaeser Compressors,"4255 White Bear Pkwy
Ste 2400  Saint Paul, MN 55110-3390",$84.50,05/14/2025,,Timothy Kline
0000428353,Karen Nunn,"8132 Suffield St  La Palma, CA 90623-1956",$83.88,05/23/2025,,N/A
0000428160,CBRE - MSFT - CHICAGO IL,"2200 Lakewood Blvd  Hoffman Estates, IL 60192-5008",$82.55,05/14/2025,,Rick Stolzman
0000428361,Ruben Ramirez,"3722 Grand Hills Ln  Friendswood, TX 77546-5369",$81.44,05/23/2025,,N/A
0000428047,CBRE-YONDR-ALDIE VA,"41835 Dulles West Blvd  Aldie, VA 20105",$80.00,05/08/2025,,Rick Stolzman
0000428432,Armstrong Utilities Inc,"701 N Pittsburgh St  Connellsville, PA 15425-3224",$78.18,05/30/2025,,Gina Weakland
0000428229,Armstrong Utilities,"101 Cooper St  Rising Sun, MD 21911-1786",$78.18,05/16/2025,,Gina Weakland
0000427987,Lilli Finke,"275 Westwood Cir E  West Palm Beach, FL 33411-4403",$74.99,05/05/2025,,N/A
0000428237,Yenssy Martinez,"**** HAND DELIVER IN HOUSE ORDER ****  Knoxville, TN 37931",$69.99,05/16/2025,,House Regional
0000428234,MILL-MAX MANUFACTURING,"190 Pine Hollow Rd  Oyster Bay, NY 11771-4704",$69.99,05/16/2025,,Chrissy Chakalis
0000427946,Enterprise-EAN Holdings,"17947 Interstate 45 S
Ste 218  Shenandoah, TX 77385-8785",$69.00,05/01/2025,,Kelly Steinfurth
0000428217,Enterprise-EAN Holdings,"4200 E Broad St  Columbus, OH 43213-1216",$69.00,05/15/2025,,Randy Swartz
0000427967,Enterprise Rent A Car Co. of Boston,"869 Portland Rd  Saco, ME 04072-9663",$69.00,05/02/2025,,Kelly Steinfurth
0000428296,Enterprise,"412 Aldrich Ave  Altoona, PA 16602-3208",$69.00,05/20/2025,,Gina Weakland
0000428182,"EAN Holdings C/O Toyota of Katy""","21555 Katy Fwy  Katy, TX 77450",$69.00,05/14/2025,,Brandon Maddox
0000428399,"Enterprise Rent - A - Car Company of Los Angeles,LLC","2230 Pacific Coast Hwy  Lomita, CA 90717-2505",$69.00,05/29/2025,,Kelly Steinfurth
0000428422,ENTERPRISE,"6300 37TH STREET N  Wichita, KS 67220",$69.00,05/29/2025,,Rex Probert
0000428394,ENTERPRISE,"6041 W Kellogg Dr  Wichita, KS 67209-2335",$69.00,05/28/2025,,Rex Probert
0000427954,PA Bankers Association.,"3897 N Front St  Harrisburg, PA 17110-1535",$59.96,05/02/2025,,N/A
0000428314,Enterprise-ELRAC LLC,"265 Route 211 E  Middletown, NY 10940-3107",$59.75,05/21/2025,,Kelly Steinfurth
0000428197,"JLL - MIT - CAMBRIDGE, MA","730 Main St  Cambridge, MA 02139-3658",$59.50,05/15/2025,,Rick Stolzman
0000428036,"Enterprise Leasing Company of Chicago, LLC","930 W. Division St.  CHICAGO, IL 60622",$59.00,05/07/2025,,David Prasczewicz
0000428131,"Enterprise Leasing of Florida , LLC","940 NW 27th Ave  Miami, FL 33125",$59.00,05/13/2025,,Kelly Steinfurth
0000428264,Prime Rides Autohaus,"750 Davy Ln  Wilmington, IL 60481-9233",$58.00,05/19/2025,,David Prasczewicz
0000428076,Logie's Snowmobile Repair,"2290 Dunkley Rd  Leicester, NY 14481-9732",$57.57,05/09/2025,05/09/2025,Miranda Belles
0000428221,Southwest Research Institute,"9503 W Commerce St  San Antonio, TX 78227-1301",$56.00,05/16/2025,,Chrissy Chakalis
0000427972,Carol Hanlon,"120 Prospect St
Apt 11  Ridgefield, CT 06877-4646",$55.92,05/02/2025,,N/A
0000428062,PRECISION SERVICES,"5032 Market St  Wilmington, NC 28405-3430",$54.54,05/08/2025,,Chrissy Chakalis
0000428125,"EAN Holdings , LLC","1007 Lee Blvd.  RICHLAND, WA 99352",$48.41,05/13/2025,,Kelly Steinfurth
0000428325,"ELRAC , LLC","239 State St  Brooklyn, NY 11201",$48.41,05/21/2025,,Kelly Steinfurth
0000428317,"Enterprise Leasing Company of Georgia,LLC","5025 Appalachian Hwy  Blue Ridge, GA 30513-4286",$47.80,05/21/2025,,Kelly Steinfurth
0000427980,CBRE-Ford-1525 Fairlane,"1525 Fairlane Cir  Allen Park, MI 48101-3633",$45.00,05/05/2025,,Rick Stolzman
0000427993,C&W - Citibank - San Antonio,"100 Citibank Dr  San Antonio, TX 78245-3202",$45.00,05/06/2025,,Rick Stolzman
0000428179,Kaeser Compressors,"4665 Paris St
Unit 350-C  Denver, CO 80239-3138",$44.52,05/14/2025,,Timothy Kline
0000428340,Advocate Outpatient Center,"1512 N Naper Blvd  Naperville, IL 60563-1521",$42.15,05/22/2025,,Isabella Schaeffer
0000428259,JO ANN WRIGHT,"1675 BRIDGEVIEW CIRCLE DRIVE  Ballwin, MO 63021",$39.90,05/19/2025,,Chrissy Chakalis
0000428065,Thomas Presbyterian Church,"1068 Linden Rd  Eighty Four, PA 15330-2529",$38.26,05/08/2025,,N/A
0000428128,"Enterprise Leasing Company - Southeast , LLC","140 Beach City Rd
Ste A  Hilton Head Island, SC 29926-2848",$35.85,05/13/2025,,Kelly Steinfurth
0000428031,Hammerton Lighting,"217 N Wright Brothers Dr  Salt Lake City, UT 84116-2984",$32.75,05/07/2025,,Dawn Wheeler
0000428357,EMS - North Orange County,"940 E Orangethorpe Ave
Ste B  Anaheim, CA 92801-1129",$30.00,05/23/2025,,Kurt Holsopple
0000428429,CBRE BROWN HEALTH UNIVERSITY - PROVIDENCE RI,"15 La Salle Sq  Providence, RI 02903-1814",$29.75,05/30/2025,,Rick Stolzman
0000428178,Kaeser Compressors,"1625 Crescent Cir
Ste 215  Carrollton, TX 75006-3679",$22.48,05/14/2025,,Timothy Kline
0000428138,"LionHeart Critical Power Specialists, Inc.","13151 Executive Ct  Huntley, IL 60142-8096",$20.97,05/13/2025,,N/A
0000428417,Calcon Machine Inc,"210 E Lincoln Ave  Leland, IL 60531-9748",$20.72,05/29/2025,,Chrissy Chakalis
0000428135,Woodland Centers,"1125 6Th St Se  Willmar, MN 56201-4675",$20.00,05/13/2025,,Michelle Fraser
0000427947,Enterprise Leasing Co-Southeast,"4020 Calhoun Memorial Hwy  Easley, SC 29640-9068",$11.95,05/01/2025,,Kelly Steinfurth
0000428032,"Enterprise Leasing Company of Georgia,LLC","5445 Atlanta Hwy
Ste E  Alpharetta, GA 30004-5924",$11.95,05/07/2025,,Kelly Steinfurth
0000428222,City Commercial Management,"10722 Arrow Rte
Ste 500  Rancho Cucamonga, CA 91730-4840",$9.43,05/16/2025,,N/A
0000428391,DARLENE LONG,"4622 Sienna Hills Pl  Saint Louis, MO 63128-4417",$6.99,05/28/2025,,Chrissy Chakalis
0000428392,Stephanie Rice,"6023 doverton dr  Fishers, IN 46038",$6.20,05/28/2025,,Chrissy Chakalis
0000428061,Ace Handyman Services,"8900 Brentwood Blvd
Ste C  Brentwood, CA 94513-4032",$3.77,05/08/2025,,N/A
0000428235,Antonio Ramos Jr,"**** HAND DELIVER IN HOUSE ORDER ****  Knoxville, TN 37931",$0.00,05/16/2025,,House Regional
0000428068,AARON POLSTON,"4235 E Rawhide St  Gilbert, AZ 85296-1569",$0.00,05/08/2025,,Aaron Polston
0000427982,IRMA GARCIA,"**** HAND DELIVER 
IN HOUSE ORDER ****  Knoxville, TN 37931",$0.00,05/05/2025,,House Regional
0000428330,Fast Signs,"1791 Nw 86Th St  Clive, IA 50325-7101",$0.00,05/21/2025,05/22/2025,Greg Olson
0000428100,Tiffany Stewart,"**** HAND DELIVER 
IN HOUSE ORDER ****  Knoxville, TN 37931",$0.00,05/12/2025,,House Regional
0000428358,TODD PRATT,"17 Seagate Cir  Scituate, MA 02066-1615",$0.00,05/23/2025,,Todd Pratt
0000428101,Lizeth Gomez,"**** HAND DELIVER 
IN HOUSE ORDER ****  Knoxville, TN 37931",$0.00,05/12/2025,,George Chambrelli
0000428161,Seacoast Utility Authority,"4200 Hood Rd  Palm Beach Gardens, FL 33410-2174",$0.00,05/14/2025,05/28/2025,Stephen Simon
0000428238,Luke Harris,"**** HAND DELIVER IN HOUSE ORDER ****  Knoxville, TN 37931",$0.00,05/16/2025,,House Regional
0000428233,Karina Bravo,"**** HAND DELIVER 
IN HOUSE ORDER ****  Knoxville, TN 37931",$0.00,05/16/2025,,House Regional
0000428187,ServPro - VaBeach,"2633 Production Rd  Virginia Beach, VA 23454-5255",$0.00,05/15/2025,05/15/2025,Kurt Holsopple
0000428137,City Of West Palm Beach Utilities Warehouse,"1045 Charlotte Ave  West Palm Beach, FL 33401-6203",$0.00,05/13/2025,,Stephen Simon
0000428327,ALLIANCE AUTO DETAILS,"118 Northeastern Blvd
Unit 1-5  Nashua, NH 03062-1948",$0.00,05/21/2025,,Scott Robert Whetzel
0000428080,BBB Wholesale,"31 Henry Ave  Nottingham, MD 21236-4202",$0.00,05/09/2025,,Miranda Belles
0000428224,MARINE UNITED,"4646 S Desert Color Pkwy Bldg 2  St George, UT 84790",$0.00,05/16/2025,05/22/2025,Travis G. Rasmussen
0000428083,R & D SUPPLIES,"12722 62Nd St
Ste 200  Largo, FL 33773-1818",$0.00,05/09/2025,,N/A
0000428313,Precision Auto Crafters,"615 Armour Rd  Bourbonnais, IL 60914-2077",$0.00,05/21/2025,05/21/2025,David Prasczewicz
0000428440,Binkleman,"828 Van Camp Rd  Bowling Green, OH 43402-9379",$0.00,05/30/2025,06/11/2025,David Chance
0000428211,together we paint,"13248 Vintage St Nw  Minneapolis, MN 55448-1183",$0.00,05/15/2025,,Thomas Schmidt
0000427984,Independent Seafood,"5300 Georgia Ave  West Palm Beach, FL 33405",$0.00,05/05/2025,,Stephen Simon
0000428089,veritech industries,"4115 Minnesota St  Alexandria, MN 56308-3328",$0.00,05/09/2025,05/09/2025,Thomas Schmidt
0000427997,Seacoast Utility Authority,"4200 Hood Rd  Palm Beach Gardens, FL 33410-2174",$0.00,05/06/2025,,Stephen Simon
0000428393,ENTERPRISE TRUCK DIVISION,"1333S S Tyler Rd  Wichita, KS 67209-3304",$0.00,05/28/2025,,Rex Probert
0000428095,Don Hutchison,"421 Hutchison Ave  Sunman, IN 47041",-$1.94,05/12/2025,,Charles Rogener
0000428332,Broward County Water and Waste Water Services,"2555 W.Copans Road  Pompano Beach, FL 33069",-$1.94,05/22/2025,05/27/2025,Stephen Simon
0000427964,Airgas-Seattle,"4401 Airport Way S  Seattle, WA 98108-1710",,05/02/2025,,N/A
0000427971,F&H Supply Co,"40-14 24Th St  Long Island City, NY 11101-3912",,05/02/2025,,N/A
0000427970,AC Plumbing Supply,"11206 Jones Rd W  Houston, TX 77065-3617",,05/02/2025,,N/A
0000427938,Fastenal-Mukilteo,"10729 47Th Ave W  Mukilteo, WA 98275-5033",,05/01/2025,,N/A
0000427976,zzISOTemplateCustomer,"  ,  ",,05/03/2025,,N/A
0000427994,STOCK DEVELOPMENT,"2639 Professional Cir  Naples, FL 34119-8089",,05/06/2025,,Caroline Rojas
0000427979,J & J Printing,"1023 Broadway  Bayonne, NJ 07002-4153",,05/05/2025,,Carol Smith
0000427958,CROWN LIFT TRUCK,"551 Woodlake Cir
Suite 1  Chesapeake, VA 23320-8901",,05/02/2025,,Tj Rosboril
0000427986,Frick's Sports Bar,"4408 N Saginaw Rd  Midland, MI 48640-2388",,05/05/2025,,N/A
0000428008,"Showman Fabricators, Inc.","15 Law Dr  Fairfield, NJ 07004-3206",,05/06/2025,,N/A
0000428045,Honest Wholesale Supplies,"4601 5Th St  Long Island City, NY 11101-6282",,05/08/2025,,Lisa Babuscak
0000427968,Quessie Foreman,"416 Exploration Trce  Ellenwood, GA 30294-2275",,05/02/2025,,N/A
0000427992,CRYSTA-LYN CHEMICAL CO,"2601 Wayne St  Endicott, NY 13760-3272",,05/06/2025,,Lisa Babuscak
0000428012,TOTAL RESA,"1728 General George Patton Dr
Ste 200  Brentwood, TN 37027-2861",,05/07/2025,,Chris Barnett
0000428073,Tonys Restaurant& Pub LLC,"10280 W Us Route 224  Findlay, OH 45840-1901",,05/09/2025,,N/A
0000428000,AIC Equipment & Control Inc,"51100 Grand River Ave  Wixom, MI 48393-3327",,05/06/2025,,N/A
0000428004,ISO-MED UNIDENTIFIED LOCK BOX REC,"  Cleveland, OH 44101",,05/06/2025,,Carol Smith
0000428014,Bronze Bar,"5757 Westheimer Rd
Ste 102  Houston, TX 77057-5721",,05/07/2025,,N/A
0000428084,All Tool and Fasteners,"7291 Nw 78Th Ter  Medley, FL 33166-2225",,05/09/2025,,N/A
0000428016,Chemicoons,"4899 Squaw Valley Dr  Caledonia, IL 61011-9028",,05/07/2025,,N/A
0000428051,Diocese of Palm Beach,"9995 N Military Trl  Palm Beach Gardens, FL 33410-5460",,05/08/2025,,N/A
0000428015,Southridge Behavioral Hospital,"6291 Venture Hills Blvd Sw  Byron Center, MI 49315-7601",,05/07/2025,,Bob Stirratt
0000428104,Mycor Holdings LLC,"94 Washington ave
10th fl  Fishkill, NY 12524-1122",,05/12/2025,,N/A
0000428081,THE NEFCO CORPORATION,"Po Box 280186  East Hartford, CT 06128-0194",,05/09/2025,,Jack Levine
0000428058,Hamlin Hansen Kosloski Funeral Home,"609 Folz Blvd  Moose Lake, MN 55767-7708",,05/08/2025,,N/A
0000428049,"Northrop Grumman-Chandler, AZ","1575 S Price Rd  Chandler, AZ 85286-6615",,05/08/2025,,N/A
0000428119,Afula Enterprises / DBA  Pleminnyk Trading,"10750 Nw 6Th Ct  Miami, FL 33168-3258",,05/12/2025,,N/A
0000428087,"Florida Fasteners, LLC","2826 Ne Waldo Rd  Gainesville, FL 32609-3372",,05/09/2025,,N/A
0000428059,Legacy Coach,"305 Commerce Dr  Elizabeth City, NC 27909-8329",,05/08/2025,,N/A
0000428088,Florida Industrial Solutions,"13773 N Nebraska Ave  Tampa, FL 33613-3320",,05/09/2025,,N/A
0000428129,DAIKIN COMFORT TECHNOLOGIES,"275 Wagaraw Rd  Hawthorne, NJ 07506-1451",,05/13/2025,,Bill Boyd
0000428132,Marine Sahakyan MD,"46 Magnolia Hill Dr  West Hartford, CT 06117-2025",,05/13/2025,,N/A
0000428063,Proactive Sales,"3 Kent Cir  Linden, NJ 07036-5916",,05/08/2025,,Miranda Belles
0000428091,635 S.Hill Comp. LLC,"635 S Hill St
Ste 202  Los Angeles, CA 90014-1821",,05/09/2025,,N/A
0000428149,Crawfish Hand Cleaner,"5600 Alvin A Klein Dr
Unit 2  Spring, TX 77379-6943",,05/13/2025,,Miranda Belles
0000428139,LH Dottie Company,"6131 Garfield Ave  Commerce, CA 90040-3610",,05/13/2025,,N/A
0000428090,Wabash Valley Goodwill,"2702 S 3Rd St  Terre Haute, IN 47802-3520",,05/09/2025,,N/A
0000428094,Laser Ink LLC,"834 E 1430 N  Shelley, ID 83274-5174",,05/12/2025,,James Gaither
0000428164,CareFlex,"90 basaltic Rd, Unit 08  Concord, ON L4K 1G6",,05/14/2025,,Olivia Holdsworth
0000428148,Talbert House,"5232 W State Route 63  Lebanon, OH 45036-8202",,05/13/2025,,N/A
0000428097,5280 Custom Framing,"1528 15Th St  Denver, CO 80202-1302",,05/12/2025,,David N. Unger
0000428121,Xavier Arauz,"12025 Virginia Pine Ln  Pineville, NC 28134-9050",,05/12/2025,,N/A
0000428165,AdventHealth Winter Garden,"2000 Fowler Grove Blvd  Winter Garden, FL 34787-5050",,05/14/2025,,Scarlett Garcia
0000428151,Universal Distributor,"1505 Hill Rd  Houston, TX 77039-5122",,05/13/2025,,N/A
0000428107,Patricia Smith,"2851 Riverwalk Blvd  Lima, OH 45806-1476",,05/12/2025,,N/A
0000428123,MILLER TIRE,"6610 Strawberry Ln  Louisville, KY 40214-3034",,05/13/2025,,Austin Cummins
0000428167,MJ Products Company,"403 Biltmore Dr  Fenton, MO 63026-4613",,05/14/2025,,N/A
0000428162,Tansky Advanced Auto Body,"2475 W. Dublin Granville Rd.  Columbus, OH 43235",,05/14/2025,,Randy Swartz
0000428133,Alma Daly,"10 Thomas Dr  Easton, PA 18040-8775",,05/13/2025,,N/A
0000428124,ReStockIt,"440 West St  Fort Lee, NJ 07024-5028",,05/13/2025,,Benjamin Lee
0000428174,Betty Choice,"4125 Hubbard Dr  Malakoff, TX 75148-4382",,05/14/2025,,N/A
0000428173,Good News Commercial Remodeling and Repair LLC,"4772 Beechwood Rd  Ellicott City, MD 21043-6804",,05/14/2025,,N/A
0000428185,A&S Courier Service,"3008 Parc Lorraine  Lithonia, GA 30038-1918",,05/14/2025,,N/A
0000428184,Caring Tree Children's Dentistry,"452 Brunswick Rd  Grass Valley, CA 95945-5168",,05/14/2025,,N/A
0000428175,Camden Park,"5000 Waverly Rd  Huntington, WV 25704-1000",,05/14/2025,,N/A
0000428176,"Armstrong Utilities,  Inc","1 Armstrong Pl  Butler, PA 16001-1951",,05/14/2025,,Diane Laska
0000428201,Screentec,"6-733 Industrielle Rd  Rockland, ON K4K 1T2",,05/15/2025,,Miranda Belles
0000428194,ElitePro Service and Repairs,"40516 Bridle Path Ln  Leesburg, FL 34788-8351",,05/15/2025,,N/A
0000428213,Nancy Edwards,"15 E Bellamy Dr  New Castle, DE 19720-2979",,05/15/2025,,N/A
0000428215,Lund Dental,"2 Main St
Ste 225  Stoneham, MA 02180-3336",,05/15/2025,,N/A
0000428212,3L Corporation,"3100 Dundee Rd
Ste 403  Northbrook, IL 60062-2452",,05/15/2025,,N/A
0000428220,Costco Optical Lab,"1802 M St. NW  Auburn, WA 98001",,05/16/2025,,Randy Swartz
0000428248,Jonathan Hawkes,"1311 Ridgewood Ln  Bountiful, UT 84010-1620",,05/19/2025,,N/A
0000428216,Murci Homes,"2984 Baby Ruth Ln  Antioch, TN 37013-2301",,05/15/2025,,N/A
0000428252,Zaim Contractor Corp,"36 John St  Staten Island, NY 10302-1133",,05/19/2025,,N/A
0000428247,Anthony Furby,"95 Chauncey St  Brooklyn, NY 11233-1709",,05/19/2025,,N/A
0000428250,Victory Studios,"2247 15Th Ave W  Seattle, WA 98119-2417",,05/19/2025,,N/A
0000428228,Arden Truby,"18326 Mountfield Dr  Houston, TX 77084-2344",,05/16/2025,,N/A
0000428253,J C PORTER CONSTRUCTION,"15 W Aylesbury Rd
Ste 400  Lutherville Timonium, MD 21093-4150",,05/19/2025,,N/A
0000428263,Mirabelle Estate,"24492 Bear Valley Rd  Tehachapi, CA 93561-9696",,05/19/2025,,Dawn Wheeler
0000428267,Pizza Inn,"4102 Clay St  Vicksburg, MS 39183-3436",,05/19/2025,,N/A
0000428249,"Alesch Contracting, Inc","368 Osceola Ave  Jacksonville Beach, FL 32250-4056",,05/19/2025,,N/A
0000428301,Road Runr Maintenance,"4516 Pontiac Lake Rd  Waterford, MI 48328-2055",,05/20/2025,,N/A
0000428266,Henry W Bergman Inc,"218 E 9Th St  Genoa, OH 43430-1634",,05/19/2025,,N/A
0000428270,Automotive Solutions,"6491 Elizabeth Lake Rd  Waterford, MI 48327",,05/20/2025,,Nathaniel Rybski
0000428251,Matt's Pressure Washing Service LLC,"2917 Sw 65Th Pl  Oklahoma City, OK 73159-1319",,05/19/2025,,N/A
0000428304,Marilyn Russell,"6826 S Bell Ave  Chicago, IL 60636-3137",,05/20/2025,,N/A
0000428273,Washington State Division of Bld. & Grounds,"1115 Washington St Se  Olympia, WA 98501-2283",,05/20/2025,,Dawn Wheeler
0000428303,Richard McCue,"2315 Hawthorne Ave  Janesville, WI 53545-2116",,05/20/2025,,N/A
0000428275,Active Impact Fitness,"14267 Ventura Blvd  Sherman Oaks, CA 91423-2714",,05/20/2025,,N/A
0000428365,Mike Tom,"3310 Verdugo Rd  Los Angeles, CA 90065-2845",,05/27/2025,,N/A
0000428274,Perryville SPE LLC,"53 Frontage Rd
Ste 101  Hampton, NJ 08827-4031",,05/20/2025,,N/A
0000428331,Vistal Homes,"46870 7 Mile Rd  Northville, MI 48167-3026",,05/21/2025,,N/A
0000428285,Elaine Audette,"4 Harborview Dr  East Falmouth, MA 02536-5917",,05/20/2025,,N/A
0000428367,Chick-Fil-A--Houston,"5940 Gulf Fwy  Houston, TX 77023-5416",,05/27/2025,,N/A
0000428326,Glass America Roanoke,"977 N Oaklawn Ave  Elmhurst, IL 60126-1012",,05/21/2025,,House Regional
0000428351,Camp Zichron Zvi Dovid Congregation,"1469 48Th St  Brooklyn, NY 11219-5572",,05/22/2025,,N/A
0000428302,CLF Industrial Supplies,"71 Meetinghouse Ln  South Easton, MA 02375-1002",,05/20/2025,,N/A
0000428403,DEMAND FORECAST ADJUSTMENT – NETWORK REDESIGN,"26301 Curtiss Wright Pkwy  Cleveland, OH 44143-4413",,05/29/2025,,Patricia Dempsey
0000428350,Anova,"1960 Ridgeview Rd  Blair, NE 68008-2377",,05/22/2025,,N/A
0000428366,Iowa DOT,"1226 Lake Shore Dr Se  Altoona, IA 50009-2707",,05/27/2025,,N/A
0000428305,Aramark Facilities / eBay,"2065 Hamilton Ave  San Jose, CA 95125-5904",,05/20/2025,,N/A
0000427996,Upper Valley Career Center,"8811 Career Dr  Piqua, OH 45356-9237",,05/06/2025,05/08/2025,Miranda Belles
0000428370,The Container Store,"500 Freeport Pkwy
Ste 100  Coppell, TX 75019-3998",,05/27/2025,,N/A
0000428433,BJU Central Receiving,"1430 Wade Hampton Blvd  Greenville, SC 29609-5046",,05/30/2025,,Michelle Fraser
0000428368,Arizona Autism,"21111 N 9Th Pl  Phoenix, AZ 85024-5636",,05/27/2025,,N/A
0000428190,Joyology Dispensary Mt. Clemens,"85 Mary St.  Mount Clemens, MI 48043",,05/15/2025,05/15/2025,Nathaniel Rybski
0000428384,"McPMServices, LLC","4217C Swan Forest Dr  Carrollton, TX 75010-4698",,05/28/2025,,N/A
0000428435,Bob Jones University,"1700 Wade Hampton Blvd  Greenville, SC 29614-1000",,05/30/2025,,House Regional
0000428369,C James Murray,"6100 City Ave
Apt ph110  Philadelphia, PA 19131-1239",,05/27/2025,,N/A
0000428199,entennial Park Storeroom,"2565 Park Plz  Nashville, TN 37203-1512",,05/15/2025,05/15/2025,David John
0000428066,SUNSTATE FLEETWORKS,"1644 Smithfield Way,ste.1222  Oviedo, FL 32765",,05/08/2025,05/08/2025,Robert Boyles
0000427932,CITY OF WICKLIFFE,"28730 RIDGE RD  Wickliffe, OH 44092",,05/01/2025,05/01/2025,Scott Robert Whetzel
0000428382,AG DENTAL PARTNERSHIP,"13450 Hawthorne Blvd  Hawthorne, CA 90250-5806",,05/28/2025,,N/A
0000428260,Universal Environmental Services,"7550 Empire Drive  Florence, KY 41042",,05/19/2025,05/19/2025,Austin Cummins
0000428255,HYUNDAI HEADQUARTER AUTOMOTIVE,"985 Rinehart Rd  Sanford, FL 32771-7495",,05/19/2025,05/19/2025,Robert Boyles
0000427943,Slavic Cristian Center,"2014 S 15Th St  Tacoma, WA 98405-2905",,05/01/2025,05/01/2025,Brad Soderquist
0000428386,T2S Solutions,"4696 Millennium Dr
Ste 300  Belcamp, MD 21017-1559",,05/28/2025,,N/A
0000428329,Master Duct Sheet Metal,"281 E Chilton Dr  Chandler, AZ 85225",,05/21/2025,05/21/2025,Shari Mark
0000428261,Schlumberger,"8029 Dixie Hwy  Florence, KY 41042",,05/19/2025,05/19/2025,Austin Cummins
0000427948,Cherry Hill Lanes North,"6697 Dixie Hwy.  Clarkston, MI 48346",,05/02/2025,05/02/2025,Nathaniel Rybski
0000428021,O'Brien of Shelbyville,"720 Mt Eden Road  SHELBYVILLE, KY 40065",,05/07/2025,05/07/2025,Austin Cummins
0000428378,The F1 Garage,"9934 Jones Rd STE B1  Houston, TX 77065",,05/28/2025,05/28/2025,Brandon Maddox
0000428319,LEXUS OF ORLANDO,"5725 Major Boulevard  ORLANDO, FL 32819",,05/21/2025,05/21/2025,Robert Boyles
0000427950,Precision Machined Products,"24 Kulick Rd  Fairfield, NJ 07004-3326",,05/02/2025,05/05/2025,Lisa Babuscak
0000428086,Pro Auto Care,"12308 Aiken Rd Suite #1  Louisville, KY 40223",,05/09/2025,05/09/2025,Austin Cummins
0000428406,Charleston Marine,"2471 Clements Ferry Rd  Charleston, SC 29492",,05/29/2025,05/29/2025,Jason White
0000428334,Goose Creek Mitsubishi,"208 S. Goose Creek Blvd  Goose Creek, SC 29445",,05/22/2025,05/22/2025,Jason White
0000428024,PIRANHA BOATWORKS,"1210 Sarah St.  Longwood, FL 32750",,05/07/2025,05/07/2025,Robert Boyles
0000428092,Waterford Regional Fire Department,"2495 Crescent Lake Rd  Waterford, MI 48329",,05/12/2025,05/12/2025,Nathaniel Rybski
0000428427,ServPro - Richmond,"12001 Deerhill Rd  Midlothian, VA 23112",,05/30/2025,05/30/2025,Kurt Holsopple
0000428335,PuroClean - Roanoke,"8202 Williamson Rd  Roanoke, VA 24019",,05/22/2025,05/22/2025,Kurt Holsopple
0000428204,Meisler Trailer Rentals,"2807 Saboe Mill Rd  JEFFERSONVILLE, IN 47130",,05/15/2025,05/15/2025,Austin Cummins
0000428198,Interstate Utility Trailer,"5263 Progress Way  Sellersburg, IN 47172",,05/15/2025,05/15/2025,Austin Cummins
0000428439,Horn Lake Animal Shelter,"6520 Center Street  Horn Lake, MS 38637",,05/30/2025,05/30/2025,Cameron Starkey
0000428010,Durham USA. Buffalo,"3868 Rt. 73  Buffalo, MO 65622",,05/07/2025,05/22/2025,Charles Smith
0000427960,#1 SIGN DESIGN,"580 Templeton Rd  Laurens, SC 29360-7712",,05/02/2025,,Stephen Baugh
0000428225,ENCON Equipment,"4800 Keystone Blvd  JEFFERSONVILLE, IN 47130",,05/16/2025,05/16/2025,Austin Cummins
0000428055,Harris Battery Company Inc.,"10708 Industrial Pkwy Nw  Bolivar, OH 44612-8429",,05/08/2025,,Melissa A Sims
0000428395,Home Paramount Pest Control - Richmond,"3904 Bremner Blvd  Henrico, VA 23228-3616",,05/29/2025,05/29/2025,Kurt Holsopple
0000428099,Stars and Stripes Aerospace,"712 W Lacy St  Palestine, TX 75801-8236",,05/12/2025,,Caroline Rojas
0000428297,Holloway Roofing - Weyers Cave,"3234 Lee Hwy  Weyers Cave, VA 24486",,05/20/2025,05/20/2025,Kurt Holsopple
0000428219,HILL TRAILER SALES,"2709 Dixie Hwy  Bedford, IN 47421-8232",,05/16/2025,,Craig Wilson
0000428276,Our Lady Of Peace,"5285 Lewiston Rd  Lewiston, NY 14092-1942",,05/20/2025,,N/A
0000428193,First Mate Yacht Services,"404 Riberia St  Saint Augustine, FL 32084-5108",,05/15/2025,05/15/2025,Michelle Fraser
0000428299,Sunstate Equipment Co.,"21229 FM 529  CYPRESS, TX 77433",,05/20/2025,05/27/2025,Brandon Maddox
0000428153,Geomi LLC,"3127 Parkway  Pigeon Forge, TN 37863-3309",,05/13/2025,,John Anderson
0000428288,CAHILL'S CARPET CLEANING,"111 Buck Rd
Unit 1000  Huntingdon Valley, PA 19006-1557",,05/20/2025,,Lisa Babuscak
0000428218,CBRE - Mars - Salt Lake City - UT,"2331 N 2200 W  Salt Lake City, UT 84116-1145",,05/16/2025,,Rick Stolzman
0000428210,"Automation Technology LLC ""ATI Actuators""","21225 FM 529  CYPRESS, TX 77433",,05/15/2025,05/27/2025,Brandon Maddox
0000428292,Panola Paper Co. Inc.,"179 Corporate Dr  Batesville, MS 38606-2717",,05/20/2025,,Chris Barnett
0000428230,MGE ENERGY INC,"133 S Blair St  Madison, WI 53788-0001",,05/16/2025,,Craig Wilson
0000428346,Procacci Development Corp,"95 S Federal Hwy
Ste 100  Boca Raton, FL 33432-4840",,05/22/2025,05/22/2025,Brad Soderquist
0000428376,Affordable Fleet Services,"8214 Fairbanks N. Houston Rd  Houston, TX 77064",,05/28/2025,05/28/2025,Brandon Maddox
0000428430,Charleston Auto Collision,"1401 Highway 62  CHARLESTOWN, IN 47111",,05/30/2025,,Austin Cummins
0000428445,Ricardo Martin,"**** HAND DELIVER 
IN HOUSE ORDER ****
  Knoxville, TN 37931",,05/31/2025,,House Regional
0000428426,Rainbow Restoration - Richmond,"2305 commerce center
unit d  Rockville, VA 23146",,05/29/2025,05/29/2025,Kurt Holsopple
0000428280,Midway Automotive @ Tire,"726 Ne Midway Blvd  Oak Harbor, WA 98277-2664",,05/20/2025,,Todd Tackett
0000428005,MSC Industrial Supply S DE R.L. DE C.V.,"Puerta de Europa esquina con Puerta de Antartida #1502, del Fraccionamiento Comercial denominado Puerta Norte, C.P.31125  Ensenada, BCN 22760",,05/06/2025,,Mario Payan
0000428030,Bozzuto,"1028 Market St  San Francisco, CA 94102-4047",,05/07/2025,,Chrissy Chakalis
0000428166,COWBOY TRANSPORT,"2850 231St St  Sauk Village, IL 60411-6108",,05/14/2025,,Matt Butchko
0000428154,"Indoff, LLC","Po Box 46900  Saint Louis, MO 63146-6907",,05/13/2025,,N/A
